Site Address,Nickname,Lot Size (SF),Building Size / Office Portion ONLY (SF),Monthly Rate (all in),Generated
415 NE 62nd Street,Magic City,30492,"23,700 / 1,540",54313,2026-10-02 20:06
3700 NW 27th Ave,Boat Shop,"26,000 - 65,340","27,000 (public listing) / 800",41000,2026-10-02 20:06
2944 NW 40th Street,,"54,450 - 142,877","4,200 - 11,228",89298,2026-10-02 20:06
3199 NW 36th Street,Danycar,38000,"25,240",25000,2026-10-02 20:06
829 NW 21st Street,Waymo,45738,"14,400",46283,2026-10-02 20:06
3353 NW 74th Ave,,153331,"42,000 / 4,000",70000,2026-10-02 20:06
3510 NW 60th St,,79279,"35,000 - 55,569",67083,2026-10-02 20:06
6699 NW 36th Ave,,277477,"56,750 / 4,000",81389,2026-10-02 20:06
8600-8650 NW 36th Ave,,130680,"31,740 / 5,000",68003,2026-10-02 20:06
6955 NW 36th Ave,,71438,"49,290 / 4,975",69417,2026-10-02 20:06
570 & 584 NW 54th St,,26800,"4,000",12328,2026-10-02 20:06
123 NW 51st St,,28750,"21,420",62475,2026-10-02 20:06
235 NE 67th St,,9583,"7,302 / 1,800",26522,2026-10-02 20:06
6454 NE 4th Ave,,37026,"10,000 / 5,000",28000,2026-10-02 20:06
6212-6214 NE 4th Ct,,11326,"4,220",16177,2026-10-02 20:06
7101 N Miami Ave - Unit 107,,3200,"3,200",10400,2026-10-02 20:06
2140 NW 23rd Ave,,21780,"5,000",9167,2026-10-02 20:06
3330-3350 NW 60th St,,45302,"32,774",,2026-10-02 20:06
5530 NW 32nd Ct,,103673,"52,943 / 2,283",87135,2026-10-02 20:06
7171 NW 12th Ave,,TBD,"43,000",60917,2026-10-02 20:06
127 NE 27th St,,55000,"21,199",,2026-10-02 20:06
1300-1350 NW 74th St,,152024,"40,813 / 3,560",54417,2026-10-02 20:06
2929 NW 73rd St,,95832,"38,674 / 5,000",90239,2026-10-02 20:06
